Loan_ID,Gender,Married,Dependents,Education,Self_Employed,ApplicantIncome,CoapplicantIncome,LoanAmount,Loan_Amount_Term,Credit_History,Property_Area,Loan_Status,Customer_ID,customer_loyalty_score,service_zone,customer_feedback
LP001002,Male,No,0,Graduate,No,5849,0,,360,1,Urban,Y,1,202,D4,
LP001003,Male,Yes,1,Graduate,No,4583,1508,128,360,1,Rural,N,2,535,A1,
LP001005,Male,Yes,0,Graduate,Yes,3000,0,66,360,1,Urban,Y,3,960,A1,Excellent
LP001006,Male,Yes,0,Not Graduate,No,2583,2358,120,360,1,Urban,Y,4,370,A1,
LP001008,Male,No,0,Graduate,No,6000,0,141,360,1,Urban,Y,5,206,C3,
LP001011,Male,Yes,2,Graduate,Yes,5417,4196,267,360,1,Urban,Y,6,171,C3,
LP001013,Male,Yes,0,Not Graduate,No,2333,1516,95,360,1,Urban,Y,7,800,A1,
LP001014,Male,Yes,3+,Graduate,No,3036,2504,158,360,0,Semiurban,N,8,120,D4,
LP001018,Male,Yes,2,Graduate,No,4006,1526,168,360,1,Urban,Y,9,714,C3,
LP001020,Male,Yes,1,Graduate,No,12841,10968,349,360,1,Semiurban,N,10,221,A1,
LP001024,Male,Yes,2,Graduate,No,3200,700,70,360,1,Urban,1,11,566,A1,Poor
LP001027,Male,Yes,2,Graduate,,2500,1840,109,360,1,Urban,Y,12,314,D4,
LP001028,Male,Yes,2,Graduate,No,3073,8106,200,360,1,Urban,Y,13,430,B2,
LP001029,Male,No,0,Graduate,No,1853,2840,114,360,1,Rural,N,14,558,C3,
LP001030,Male,Yes,2,Graduate,No,1299,1086,17,120,1,Urban,Y,15,187,D4,
LP001032,Male,No,0,Graduate,No,4950,0,125,360,1,Urban,Y,16,472,A1,
LP001034,Male,No,1,Not Graduate,No,3596,0,100,240,,Urban,Y,17,199,A1,
LP001036,Female,No,0,Graduate,No,3510,0,76,360,0,Urban,N,18,971,D4,
LP001038,Male,Yes,0,Not Graduate,No,4887,0,133,360,1,Rural,N,19,763,C3,
LP001041,Male,Yes,0,Graduate,,2600,3500,115,,1,Urban,Y,20,230,B2,
LP001043,Male,Yes,0,Not Graduate,No,7660,0,104,360,0,Urban,N,21,761,B2,
LP001046,Male,Yes,1,Graduate,No,5955,5625,315,360,1,Urban,Y,22,408,A1,
LP001047,Male,Yes,0,Not Graduate,No,2600,1911,116,360,0,Semiurban,N,23,869,C3,
LP001050,,Yes,2,Not Graduate,No,3365,1917,112,360,0,Rural,N,24,443,B2,
LP001052,Male,Yes,1,Graduate,,3717,2925,151,360,,Semiurban,N,25,591,C3,Average
LP001066,Male,Yes,0,Graduate,Yes,9560,0,191,360,1,Semiurban,Y,26,513,C3,
LP001068,Male,Yes,0,Graduate,No,2799,2253,122,360,1,Semiurban,Y,27,905,A1,
LP001073,Male,Yes,2,Not Graduate,No,4226,1040,110,360,1,Urban,Y,28,485,B2,
LP001086,Male,No,0,Not Graduate,No,1442,0,35,360,1,Urban,N,29,291,D4,
LP001087,Female,No,2,Graduate,,3750,2083,120,360,1,Semiurban,Y,30,376,A1,Average
LP001091,Male,Yes,1,Graduate,,4166,3369,201,360,,Urban,N,31,260,B2,Good
LP001095,Male,No,0,Graduate,No,3167,0,74,360,1,Urban,N,32,559,B2,Poor
LP001097,Male,No,1,Graduate,Yes,4692,0,106,360,1,Rural,N,33,413,B2,
LP001098,Male,Yes,0,Graduate,No,3500,1667,114,360,1,Semiurban,Y,34,121,B2,
LP001100,Male,No,,Graduate,No,12500,3000,320,360,1,Rural,N,35,352,B2,
LP001106,Male,Yes,,Graduate,No,2275,2067,,360,1,Urban,Y,36,847,C3,
LP001109,Male,Yes,0,Graduate,No,1828,1330,100,,0,Urban,N,37,956,A1,
LP001112,Female,Yes,0,Graduate,No,3667,1459,144,360,1,Semiurban,Y,38,660,C3,
LP001114,Male,No,0,Graduate,No,4166,7210,184,360,1,Urban,Y,39,574,D4,
LP001116,Male,No,0,Not Graduate,No,3748,1668,110,360,1,Semiurban,Y,40,158,B2,Poor
LP001119,Male,No,0,Graduate,No,3600,0,80,360,1,Urban,N,41,610,A1,
LP001120,Male,No,0,Graduate,No,1800,1213,47,360,1,Urban,Y,42,781,B2,Good
LP001123,Male,Yes,0,Graduate,No,2400,0,75,360,,Urban,1,43,575,A1,
LP001131,Male,Yes,0,Graduate,No,3941,2336,134,360,1,Semiurban,Y,44,799,C3,
LP001136,Male,Yes,0,Not Graduate,Yes,4695,0,96,,1,Urban,Y,45,882,A1,
LP001137,Female,No,0,Graduate,No,3410,0,88,,1,Urban,Y,46,289,D4,
LP001138,Male,Yes,1,Graduate,No,5649,0,44,360,1,Urban,Y,47,786,D4,
LP001144,Male,Yes,0,Graduate,No,5821,0,144,360,1,Urban,Y,48,662,A1,
LP001146,Female,Yes,0,Graduate,No,2645,3440,120,360,0,Urban,N,49,975,A1,
LP001151,Female,No,,Graduate,No,4000,2275,144,360,1,Semiurban,Y,50,666,A1,Average
LP001155,Female,Yes,0,Not Graduate,No,1928,1644,100,360,1,Semiurban,Y,51,343,A1,
LP001157,Female,No,,Graduate,No,3086,0,120,360,1,Semiurban,Y,52,931,D4,
LP001164,Female,No,0,Graduate,No,4230,0,112,360,1,Semiurban,N,53,604,B2,
LP001179,Male,Yes,2,Graduate,No,4616,0,134,360,1,Urban,N,54,230,A1,
LP001186,Female,Yes,1,Graduate,Yes,11500,0,286,360,0,Urban,N,55,584,A1,
LP001194,Male,Yes,2,Graduate,No,2708,1167,97,360,1,Semiurban,Y,56,918,D4,Poor
LP001195,Male,Yes,0,Graduate,No,2132,1591,96,360,1,Semiurban,Y,57,746,D4,Excellent
LP001197,Male,Yes,0,Graduate,No,3366,2200,135,360,1,Rural,N,58,120,C3,
LP001198,Male,Yes,1,Graduate,No,8080,2250,180,360,1,Urban,Y,59,940,A1,
LP001199,Male,Yes,,Not Graduate,No,3357,2859,144,360,1,Urban,Y,60,266,C3,
LP001205,Male,Yes,0,Graduate,No,2500,3796,120,360,1,Urban,Y,61,373,D4,Excellent
LP001206,Male,Yes,3+,Graduate,No,3029,0,99,360,1,Urban,Y,62,487,D4,
LP001207,Male,Yes,0,Not Graduate,Yes,2609,3449,165,180,0,Rural,N,63,700,B2,
LP001213,Male,Yes,1,Graduate,No,4945,0,,360,0,Rural,N,64,415,A1,Excellent
LP001222,Female,No,0,Graduate,No,4166,0,116,360,0,Semiurban,N,65,113,C3,
LP001225,Male,Yes,0,Graduate,No,5726,4595,,360,1,Semiurban,N,66,341,D4,
LP001228,Male,No,0,Not Graduate,No,3200,2254,126,180,0,Urban,N,67,876,D4,
LP001233,Male,Yes,1,Graduate,No,10750,0,312,360,1,Urban,Y,68,445,C3,
LP001238,Male,Yes,3+,Not Graduate,Yes,7100,0,125,60,1,Urban,Y,69,664,B2,
LP001241,Female,No,0,Graduate,No,4300,0,136,360,0,Semiurban,N,70,997,D4,
LP001243,Male,Yes,0,Graduate,No,3208,3066,172,360,1,Urban,Y,71,439,A1,Excellent
LP001245,Male,Yes,2,Not Graduate,Yes,1875,1875,97,360,1,Semiurban,Y,72,191,D4,
LP001248,Male,No,0,Graduate,No,3500,0,81,300,1,Semiurban,1,73,466,A1,Excellent
LP001250,Male,Yes,3+,Not Graduate,No,4755,0,95,,0,Semiurban,N,74,554,C3,
LP001253,Male,Yes,3+,Graduate,Yes,5266,1774,187,360,1,Semiurban,Y,75,527,A1,
LP001255,Male,No,0,Graduate,No,3750,0,113,480,1,Urban,N,76,608,C3,
LP001256,Male,No,0,Graduate,No,3750,4750,176,360,1,Urban,N,77,875,A1,Good
LP001259,Male,Yes,1,Graduate,Yes,1000,3022,110,360,1,Urban,N,78,134,C3,Good
LP001263,Male,Yes,3+,Graduate,No,3167,4000,180,300,0,Semiurban,N,79,305,A1,Average
LP001264,Male,Yes,3+,Not Graduate,Yes,3333,2166,130,360,,Semiurban,Y,80,180,B2,
LP001265,Female,No,0,Graduate,No,3846,0,111,360,,Semiurban,Y,81,661,A1,
LP001266,Male,Yes,1,Graduate,Yes,2395,0,,360,1,Semiurban,Y,82,971,A1,Average
LP001267,Female,Yes,2,Graduate,No,1378,1881,167,360,1,Urban,N,83,487,B2,Good
LP001273,Male,Yes,0,Graduate,No,6000,2250,265,360,,Semiurban,N,84,101,D4,
LP001275,Male,Yes,1,Graduate,No,3988,0,50,240,1,Urban,Y,85,489,D4,
LP001279,Male,No,0,Graduate,No,2366,2531,136,360,1,Semiurban,Y,86,665,A1,
LP001280,Male,Yes,2,Not Graduate,No,3333,2000,99,360,,Semiurban,Y,87,205,B2,Average
LP001282,Male,Yes,0,Graduate,No,2500,2118,104,360,,Semiurban,Y,88,871,A1,
LP001289,Male,No,0,Graduate,No,8566,0,210,360,1,Urban,Y,89,921,C3,
LP001310,Male,Yes,0,Graduate,No,5695,4167,175,360,1,Semiurban,Y,90,576,C3,
LP001316,Male,Yes,0,Graduate,No,2958,2900,131,360,1,Semiurban,Y,91,802,A1,Poor
LP001318,Male,Yes,2,Graduate,No,6250,5654,188,180,1,Semiurban,Y,92,501,D4,
LP001319,Male,Yes,2,Not Graduate,No,3273,1820,81,360,1,Urban,Y,93,829,D4,
LP001322,Male,No,0,Graduate,No,4133,0,122,360,1,Semiurban,Y,94,655,A1,
LP001325,Male,No,0,Not Graduate,No,3620,0,25,120,1,Semiurban,Y,95,261,A1,
LP001326,Male,No,0,Graduate,,6782,0,,360,,Urban,N,96,301,C3,
LP001327,Female,Yes,0,Graduate,No,2484,2302,137,360,1,Semiurban,Y,97,369,D4,
LP001333,Male,Yes,0,Graduate,No,1977,997,50,360,1,Semiurban,Y,98,962,A1,
LP001334,Male,Yes,0,Not Graduate,No,4188,0,115,180,1,Semiurban,1,99,915,C3,
LP001343,Male,Yes,0,Graduate,No,1759,3541,131,360,1,Semiurban,Y,100,370,D4,
LP001345,Male,Yes,2,Not Graduate,No,4288,3263,133,180,1,Urban,1,101,555,B2,
LP001349,Male,No,0,Graduate,No,4843,3806,151,360,1,Semiurban,Y,102,561,C3,Average
LP001350,Male,Yes,,Graduate,No,13650,0,,360,1,Urban,Y,103,826,D4,
LP001356,Male,Yes,0,Graduate,No,4652,3583,,360,1,Semiurban,Y,104,351,D4,
LP001357,Male,,,Graduate,No,3816,754,160,360,1,Urban,Y,105,801,C3,
LP001367,Male,Yes,1,Graduate,No,3052,1030,100,360,1,Urban,Y,106,395,B2,
LP001369,Male,Yes,2,Graduate,No,11417,1126,225,360,1,Urban,Y,107,824,C3,
LP001370,Male,No,0,Not Graduate,,7333,0,120,360,1,Rural,N,108,819,D4,
LP001379,Male,Yes,2,Graduate,No,3800,3600,216,360,0,Urban,N,109,848,A1,
LP001384,Male,Yes,3+,Not Graduate,No,2071,754,94,480,1,Semiurban,Y,110,437,A1,Excellent
LP001385,Male,No,0,Graduate,No,5316,0,136,360,1,Urban,Y,111,978,C3,Average
LP001387,Female,Yes,0,Graduate,,2929,2333,139,360,1,Semiurban,Y,112,152,D4,
LP001391,Male,Yes,0,Not Graduate,No,3572,4114,152,,0,Rural,N,113,891,A1,
LP001392,Female,No,1,Graduate,Yes,7451,0,,360,1,Semiurban,Y,114,316,D4,
LP001398,Male,No,0,Graduate,,5050,0,,360,1,Semiurban,Y,115,863,C3,
LP001401,Male,Yes,1,Graduate,No,14583,0,185,180,1,Rural,Y,116,287,A1,
LP001404,Female,Yes,0,Graduate,No,3167,2283,154,360,1,Semiurban,Y,117,479,D4,
LP001405,Male,Yes,1,Graduate,No,2214,1398,85,360,,Urban,Y,118,592,A1,
LP001421,Male,Yes,,Graduate,No,5568,2142,175,360,1,Rural,N,119,140,C3,Excellent
LP001422,Female,No,0,Graduate,No,10408,0,259,360,1,Urban,Y,120,256,D4,
LP001426,Male,Yes,,Graduate,No,5667,2667,180,360,1,Rural,Y,121,114,A1,
LP001430,Female,No,0,Graduate,No,4166,0,44,360,1,Semiurban,Y,122,912,C3,
LP001431,Female,No,0,Graduate,No,2137,8980,137,360,0,Semiurban,Y,123,164,A1,
LP001432,Male,Yes,2,Graduate,No,2957,0,81,360,1,Semiurban,Y,124,956,A1,
LP001439,Male,Yes,0,Not Graduate,No,4300,2014,194,360,1,Rural,Y,125,938,B2,
LP001443,Female,No,0,Graduate,No,3692,0,93,360,,Rural,Y,126,620,B2,
LP001448,,Yes,3+,Graduate,No,23803,0,370,360,1,Rural,Y,127,443,C3,
LP001449,Male,No,0,Graduate,No,3865,1640,,360,1,Rural,Y,128,228,B2,
LP001451,Male,Yes,1,Graduate,Yes,10513,3850,160,180,0,Urban,0,129,747,C3,
LP001465,Male,Yes,0,Graduate,No,6080,2569,182,360,,Rural,N,130,571,B2,
LP001469,Male,No,0,Graduate,Yes,20166,0,,480,,Urban,Y,131,162,A1,
LP001473,Male,No,0,Graduate,No,2014,1929,74,360,1,Urban,Y,132,238,C3,Average
LP001478,Male,No,0,Graduate,No,2718,0,70,360,1,Semiurban,Y,133,598,C3,Average
LP001482,Male,Yes,0,Graduate,Yes,3459,0,25,120,1,Semiurban,Y,134,692,A1,
LP001487,Male,No,0,Graduate,No,4895,0,102,360,1,Semiurban,Y,135,491,C3,
LP001488,Male,Yes,3+,Graduate,No,4000,7750,290,360,1,Semiurban,N,136,774,C3,Excellent
LP001489,Female,Yes,0,Graduate,No,4583,0,84,360,1,Rural,N,137,518,B2,
LP001491,Male,Yes,2,Graduate,Yes,3316,3500,88,360,1,Urban,Y,138,388,C3,
LP001492,Male,No,0,Graduate,No,14999,0,242,360,0,Semiurban,N,139,478,D4,
LP001493,Male,Yes,2,Not Graduate,No,4200,1430,129,360,1,Rural,N,140,872,A1,
LP001497,Male,Yes,2,Graduate,No,5042,2083,185,360,1,Rural,N,141,589,B2,
LP001498,Male,No,0,Graduate,No,5417,0,168,360,1,Urban,Y,142,330,B2,
LP001504,Male,No,0,Graduate,Yes,6950,0,175,180,1,Semiurban,Y,143,140,D4,
LP001507,Male,Yes,0,Graduate,No,2698,2034,122,360,1,Semiurban,Y,144,127,A1,
LP001508,Male,Yes,2,Graduate,No,11757,0,187,180,1,Urban,Y,145,234,A1,
LP001514,Female,Yes,0,Graduate,No,2330,4486,100,360,1,Semiurban,1,146,300,B2,Poor
LP001516,Female,Yes,,Graduate,No,14866,0,70,360,1,Urban,Y,147,939,C3,
LP001518,Male,Yes,1,Graduate,No,1538,1425,30,360,1,Urban,Y,148,879,B2,
LP001519,Female,No,0,Graduate,No,10000,1666,225,360,1,Rural,N,149,132,A1,Average
LP001520,Male,Yes,0,Graduate,No,4860,830,125,360,1,Semiurban,Y,150,147,D4,
LP001528,Male,No,0,Graduate,No,6277,0,118,360,0,Rural,N,151,602,B2,
LP001529,Male,Yes,0,Graduate,Yes,2577,3750,152,360,1,Rural,Y,152,506,A1,
LP001531,Male,No,0,Graduate,No,9166,0,244,360,1,Urban,N,153,673,B2,
LP001532,Male,Yes,,Not Graduate,No,2281,0,113,360,1,Rural,N,154,827,C3,
LP001535,Male,No,0,Graduate,No,3254,0,50,360,1,Urban,Y,155,904,B2,
LP001536,Male,Yes,3+,Graduate,No,39999,0,600,180,0,Semiurban,Y,156,198,B2,Good
LP001541,Male,Yes,1,Graduate,No,6000,0,,360,,Rural,Y,157,783,A1,
LP001543,Male,Yes,1,Graduate,No,9538,0,187,360,1,Urban,Y,158,971,A1,
LP001546,Male,No,0,Graduate,,2980,2083,120,360,1,Rural,Y,159,825,A1,Good
LP001552,Male,Yes,0,Graduate,No,4583,5625,255,360,1,Semiurban,Y,160,646,B2,
LP001560,Male,Yes,0,Not Graduate,No,1863,1041,98,360,1,Semiurban,Y,161,838,C3,
LP001562,Male,Yes,0,Graduate,No,7933,0,275,360,1,Urban,N,162,712,D4,
LP001565,Male,Yes,1,Graduate,No,3089,1280,121,360,0,Semiurban,N,163,561,D4,
LP001570,Male,Yes,2,Graduate,No,4167,1447,158,360,1,Rural,Y,164,742,A1,Average
LP001572,Male,Yes,0,Graduate,No,9323,0,75,180,1,Urban,Y,165,868,A1,
LP001574,Male,Yes,0,Graduate,No,3707,3166,182,,1,Rural,Y,166,104,B2,Good
LP001577,Female,Yes,0,Graduate,No,4583,0,112,360,1,Rural,N,167,317,D4,
LP001578,Male,Yes,0,Graduate,No,2439,3333,129,360,1,Rural,Y,168,602,A1,
LP001579,Male,No,0,Graduate,No,2237,0,63,480,0,Semiurban,N,169,866,C3,
LP001580,Male,Yes,2,Graduate,No,8000,0,200,360,1,Semiurban,Y,170,497,C3,
LP001581,Male,Yes,0,Not Graduate,,1820,1769,95,360,1,Rural,Y,171,970,A1,
LP001585,,Yes,3+,Graduate,No,51763,0,700,300,1,Urban,1,172,894,A1,
LP001586,Male,Yes,3+,Not Graduate,No,3522,0,,180,1,Rural,N,173,492,D4,
LP001594,Male,Yes,0,Graduate,No,5708,5625,187,360,1,Semiurban,Y,174,306,D4,
LP001603,Male,Yes,0,Not Graduate,Yes,4344,736,87,360,1,Semiurban,N,175,114,B2,Poor
LP001606,Male,Yes,0,Graduate,No,3497,1964,116,360,1,Rural,Y,176,957,D4,
LP001608,Male,Yes,2,Graduate,No,2045,1619,101,360,1,Rural,Y,177,653,C3,Excellent
LP001610,Male,Yes,3+,Graduate,No,5516,11300,495,360,0,Semiurban,N,178,991,C3,Excellent
LP001616,Male,Yes,1,Graduate,No,3750,0,116,360,,Semiurban,Y,179,560,A1,
LP001630,Male,No,0,Not Graduate,No,2333,1451,102,480,0,Urban,N,180,790,D4,
LP001633,Male,Yes,1,Graduate,No,6400,7250,180,360,0,Urban,N,181,674,B2,
LP001634,Male,No,0,Graduate,No,1916,5063,67,360,,Rural,N,182,963,C3,Good
LP001636,Male,Yes,0,Graduate,No,4600,0,73,180,1,Semiurban,Y,183,842,C3,
LP001637,Male,Yes,1,Graduate,No,33846,0,260,360,1,Semiurban,N,184,340,B2,
LP001639,Female,Yes,0,Graduate,No,3625,0,108,360,1,Semiurban,Y,185,663,B2,Average
LP001640,Male,Yes,0,Graduate,Yes,39147,4750,120,360,1,Semiurban,Y,186,195,C3,
LP001641,Male,Yes,1,Graduate,Yes,2178,0,66,300,0,Rural,N,187,833,C3,
LP001643,Male,Yes,0,Graduate,No,2383,2138,58,360,,Rural,Y,188,584,B2,
LP001644,,Yes,0,Graduate,Yes,674,5296,168,360,1,Rural,Y,189,506,C3,
LP001647,Male,Yes,0,Graduate,No,9328,0,188,180,1,Rural,Y,190,330,A1,
LP001653,Male,No,0,Not Graduate,No,4885,0,48,360,1,Rural,Y,191,848,A1,
LP001656,Male,No,0,Graduate,No,12000,0,164,360,1,Semiurban,N,192,754,B2,
LP001657,Male,Yes,0,Not Graduate,No,6033,0,,360,1,Urban,N,193,270,D4,Good
LP001658,Male,No,0,Graduate,No,3858,0,76,360,1,Semiurban,Y,194,640,B2,
LP001664,Male,No,0,Graduate,No,4191,0,120,360,1,Rural,Y,195,135,B2,
LP001665,Male,Yes,1,Graduate,No,3125,2583,170,360,1,Semiurban,N,196,624,D4,
LP001666,Male,No,0,Graduate,No,8333,3750,187,360,1,Rural,Y,197,259,D4,Good
LP001669,Female,No,0,Not Graduate,No,1907,2365,120,,1,Urban,Y,198,938,D4,
LP001671,Female,Yes,0,Graduate,No,3416,2816,113,360,,Semiurban,Y,199,798,A1,
LP001673,Male,No,0,Graduate,Yes,11000,0,83,360,1,Urban,N,200,342,C3,
LP001674,Male,Yes,1,Not Graduate,No,2600,2500,90,360,,Semiurban,Y,201,185,A1,
LP001677,Male,No,2,Graduate,No,4923,0,166,360,0,Semiurban,Y,202,895,C3,
LP001682,Male,Yes,3+,Not Graduate,No,3992,0,,180,1,Urban,N,203,677,A1,
LP001688,Male,Yes,1,Not Graduate,No,3500,1083,135,360,1,Urban,Y,204,781,C3,
LP001691,Male,Yes,2,Not Graduate,No,3917,0,124,360,1,Semiurban,Y,205,656,A1,Poor
LP001692,Female,No,0,Not Graduate,No,4408,0,120,360,1,Semiurban,1,206,673,D4,
LP001693,Female,No,0,Graduate,No,3244,0,80,360,1,Urban,Y,207,745,B2,
LP001698,Male,No,0,Not Graduate,No,3975,2531,,360,1,Rural,Y,208,895,A1,
LP001699,Male,No,0,Graduate,No,2479,0,59,360,1,Urban,1,209,127,C3,
LP001702,Male,No,0,Graduate,No,3418,0,127,360,1,Semiurban,N,210,719,D4,
LP001708,Female,No,0,Graduate,No,10000,0,214,360,1,Semiurban,N,211,655,A1,Poor
LP001711,Male,Yes,3+,Graduate,No,3430,1250,128,360,0,Semiurban,N,212,439,A1,
LP001713,Male,Yes,1,Graduate,Yes,7787,0,240,360,1,Urban,Y,213,897,D4,Excellent
LP001715,Male,Yes,3+,Not Graduate,Yes,5703,0,130,360,1,Rural,Y,214,430,A1,Poor
LP001716,Male,Yes,0,Graduate,No,3173,3021,,360,1,Urban,Y,215,739,B2,
LP001720,Male,Yes,3+,Not Graduate,No,3850,983,100,360,1,Semiurban,Y,216,605,A1,Good
LP001722,Male,Yes,0,Graduate,No,150,1800,135,360,1,Rural,N,217,447,B2,
LP001726,Male,Yes,0,Graduate,No,3727,1775,131,360,1,Semiurban,Y,218,572,B2,
LP001732,Male,Yes,2,Graduate,,5000,0,72,360,0,Semiurban,N,219,330,D4,Poor
LP001734,Female,Yes,2,Graduate,No,4283,2383,127,360,,Semiurban,Y,220,289,A1,
LP001736,Male,Yes,0,Graduate,No,2221,0,60,360,0,Urban,N,221,324,D4,
LP001743,Male,Yes,2,Graduate,No,4009,1717,116,360,1,Semiurban,Y,222,484,A1,Poor
LP001744,Male,No,0,Graduate,No,2971,2791,144,360,1,Semiurban,Y,223,476,A1,
LP001749,Male,Yes,0,Graduate,No,7578,1010,175,,1,Semiurban,Y,224,382,C3,
LP001750,Male,Yes,0,Graduate,No,6250,0,128,360,1,Semiurban,Y,225,732,A1,
LP001751,Male,Yes,0,Graduate,No,3250,0,170,360,1,Rural,N,226,727,D4,
LP001754,Male,Yes,,Not Graduate,Yes,4735,0,138,360,1,Urban,N,227,844,B2,
LP001758,Male,Yes,2,Graduate,No,6250,1695,210,360,1,Semiurban,Y,228,358,A1,Poor
LP001760,Male,,,Graduate,No,4758,0,158,480,1,Semiurban,Y,229,458,C3,
LP001761,Male,No,0,Graduate,Yes,6400,0,200,360,1,Rural,Y,230,809,D4,
LP001765,Male,Yes,1,Graduate,No,2491,2054,104,360,1,Semiurban,Y,231,555,A1,
LP001768,Male,Yes,0,Graduate,,3716,0,42,180,1,Rural,Y,232,510,D4,
LP001770,Male,No,0,Not Graduate,No,3189,2598,120,,1,Rural,Y,233,748,C3,
LP001776,Female,No,0,Graduate,No,8333,0,280,360,1,Semiurban,Y,234,417,C3,
LP001778,Male,Yes,1,Graduate,No,3155,1779,140,360,1,Semiurban,Y,235,776,D4,
LP001784,Male,Yes,1,Graduate,No,5500,1260,170,360,1,Rural,Y,236,324,A1,
LP001786,Male,Yes,0,Graduate,,5746,0,255,360,,Urban,N,237,918,B2,
LP001788,Female,No,0,Graduate,Yes,3463,0,122,360,,Urban,1,238,333,C3,
LP001790,Female,No,1,Graduate,No,3812,0,112,360,1,Rural,Y,239,783,A1,Average
LP001792,Male,Yes,1,Graduate,No,3315,0,96,360,1,Semiurban,Y,240,763,A1,
LP001798,Male,Yes,2,Graduate,No,5819,5000,120,360,1,Rural,Y,241,926,B2,
LP001800,Male,Yes,1,Not Graduate,No,2510,1983,140,180,1,Urban,N,242,473,C3,
LP001806,Male,No,0,Graduate,No,2965,5701,155,60,1,Urban,Y,243,771,C3,
LP001807,Male,Yes,2,Graduate,Yes,6250,1300,108,360,1,Rural,Y,244,707,A1,
LP001811,Male,Yes,0,Not Graduate,No,3406,4417,123,360,1,Semiurban,1,245,571,A1,Excellent
LP001813,Male,No,0,Graduate,Yes,6050,4333,120,180,1,Urban,N,246,332,B2,
LP001814,Male,Yes,2,Graduate,No,9703,0,112,360,1,Urban,Y,247,791,B2,
LP001819,Male,Yes,1,Not Graduate,No,6608,0,137,180,1,Urban,Y,248,212,C3,Excellent
LP001824,Male,Yes,1,Graduate,No,2882,1843,123,480,1,Semiurban,Y,249,929,D4,Poor
LP001825,Male,Yes,,Graduate,No,1809,1868,90,360,1,Urban,Y,250,596,C3,Average
LP001835,Male,Yes,0,Not Graduate,No,1668,3890,,360,0,Semiurban,N,251,541,A1,
LP001836,Female,No,2,Graduate,No,3427,0,138,360,1,Urban,N,252,663,C3,
LP001841,Male,No,0,Not Graduate,Yes,2583,2167,104,360,1,Rural,Y,253,367,D4,
LP001843,Male,Yes,1,Not Graduate,No,2661,7101,279,180,1,Semiurban,Y,254,609,B2,
LP001844,Male,No,0,Graduate,Yes,16250,0,192,360,0,Urban,N,255,906,D4,
LP001846,Female,No,3+,Graduate,No,3083,0,,360,1,Rural,Y,256,485,D4,
LP001849,Male,No,0,Not Graduate,No,6045,0,115,360,0,Rural,N,257,486,D4,Excellent
LP001854,Male,Yes,3+,Graduate,No,5250,0,94,360,1,Urban,N,258,212,B2,
LP001859,Male,Yes,0,Graduate,No,14683,2100,304,360,1,Rural,N,259,712,D4,
LP001864,Male,Yes,3+,Not Graduate,No,4931,0,128,360,,Semiurban,N,260,724,D4,Excellent
LP001865,Male,Yes,1,Graduate,No,6083,4250,330,360,,Urban,Y,261,180,D4,Excellent
LP001868,Male,No,0,Graduate,No,2060,2209,134,360,1,Semiurban,Y,262,798,A1,Excellent
LP001870,Female,No,1,Graduate,No,3481,0,155,36,1,Semiurban,N,263,212,D4,
LP001871,Female,No,0,Graduate,No,7200,0,120,360,1,Rural,Y,264,101,B2,
LP001872,Male,No,0,Graduate,Yes,5166,0,128,360,1,Semiurban,Y,265,741,D4,Excellent
LP001875,Male,No,0,Graduate,No,4095,3447,151,360,1,Rural,Y,266,319,D4,Excellent
LP001877,Male,Yes,2,Graduate,No,4708,1387,150,360,1,Semiurban,Y,267,665,B2,
LP001882,Male,Yes,3+,Graduate,No,4333,1811,160,360,0,Urban,Y,268,954,D4,
LP001883,Female,No,0,Graduate,,3418,0,135,360,1,Rural,N,269,835,B2,
LP001884,Female,No,1,Graduate,No,2876,1560,90,360,1,Urban,Y,270,324,D4,
LP001888,Female,No,0,Graduate,No,3237,0,30,360,1,Urban,Y,271,484,B2,
LP001891,Male,Yes,0,Graduate,No,11146,0,136,360,1,Urban,Y,272,502,D4,Poor
LP001892,Male,No,0,Graduate,No,2833,1857,126,360,1,Rural,Y,273,737,D4,
LP001894,Male,Yes,0,Graduate,No,2620,2223,150,360,1,Semiurban,Y,274,229,A1,
LP001896,Male,Yes,2,Graduate,No,3900,0,90,360,1,Semiurban,Y,275,152,A1,
LP001900,Male,Yes,1,Graduate,No,2750,1842,115,360,1,Semiurban,Y,276,783,D4,
LP001903,Male,Yes,0,Graduate,No,3993,3274,207,360,1,Semiurban,Y,277,829,D4,
LP001904,Male,Yes,0,Graduate,No,3103,1300,80,360,1,Urban,Y,278,771,C3,Good
LP001907,Male,Yes,0,Graduate,No,14583,0,436,360,1,Semiurban,Y,279,809,B2,Average
LP001908,Female,Yes,0,Not Graduate,No,4100,0,124,360,,Rural,Y,280,515,C3,
LP001910,Male,No,,Not Graduate,Yes,4053,2426,158,360,,Urban,N,281,346,A1,
LP001914,Male,Yes,0,Graduate,No,3927,800,112,360,1,Semiurban,Y,282,935,A1,Excellent
LP001915,Male,Yes,2,Graduate,No,2301,985.7999878,78,180,1,Urban,Y,283,538,A1,
LP001917,Female,No,0,Graduate,No,1811,1666,54,360,1,Urban,Y,284,302,A1,
LP001922,Male,Yes,0,Graduate,No,20667,0,,360,1,Rural,N,285,283,D4,Average
LP001924,Male,No,0,Graduate,No,3158,3053,89,360,1,Rural,1,286,222,A1,
LP001925,Female,No,0,Graduate,Yes,2600,1717,99,300,1,Semiurban,N,287,500,D4,
LP001926,Male,Yes,0,Graduate,No,3704,2000,120,360,1,Rural,Y,288,866,D4,Average
LP001931,Female,No,0,Graduate,No,4124,0,115,360,1,Semiurban,Y,289,393,A1,
LP001935,Male,No,0,Graduate,No,9508,0,187,360,1,Rural,Y,290,379,A1,Average
LP001936,Male,Yes,0,Graduate,No,3075,2416,139,360,1,Rural,1,291,936,B2,
LP001938,Male,Yes,2,Graduate,No,4400,0,127,360,0,Semiurban,0,292,983,C3,Good
LP001940,Male,Yes,2,Graduate,No,3153,1560,134,360,1,Urban,Y,293,709,A1,Average
LP001945,Female,No,,Graduate,No,5417,0,143,480,,Urban,N,294,297,B2,
LP001947,Male,Yes,0,Graduate,No,2383,3334,172,360,1,Semiurban,Y,295,610,B2,
LP001949,Male,Yes,3+,Graduate,,4416,1250,110,360,1,Urban,Y,296,851,C3,
LP001953,Male,Yes,1,Graduate,No,6875,0,200,360,1,Semiurban,Y,297,243,D4,
LP001954,Female,Yes,1,Graduate,No,4666,0,135,360,1,Urban,Y,298,708,A1,
LP001955,Female,No,0,Graduate,No,5000,2541,151,480,1,Rural,N,299,300,C3,
LP001963,Male,Yes,1,Graduate,No,2014,2925,113,360,1,Urban,N,300,223,A1,
LP001964,Male,Yes,0,Not Graduate,No,1800,2934,93,360,0,Urban,N,301,286,B2,
LP001972,Male,Yes,,Not Graduate,No,2875,1750,105,360,1,Semiurban,Y,302,425,B2,Average
LP001974,Female,No,0,Graduate,No,5000,0,132,360,1,Rural,Y,303,563,D4,Average
LP001977,Male,Yes,1,Graduate,No,1625,1803,96,360,1,Urban,Y,304,448,B2,
LP001978,Male,No,0,Graduate,No,4000,2500,140,360,1,Rural,Y,305,870,B2,
LP001990,Male,No,0,Not Graduate,No,2000,0,,360,1,Urban,N,306,759,C3,
LP001993,Female,No,0,Graduate,No,3762,1666,135,360,1,Rural,Y,307,863,A1,
LP001994,Female,No,0,Graduate,No,2400,1863,104,360,0,Urban,N,308,502,A1,
LP001996,Male,No,0,Graduate,No,20233,0,480,360,1,Rural,N,309,445,C3,
LP001998,Male,Yes,2,Not Graduate,No,7667,0,185,360,,Rural,Y,310,610,D4,
LP002002,Female,No,0,Graduate,No,2917,0,84,360,1,Semiurban,Y,311,246,A1,
LP002004,Male,No,0,Not Graduate,No,2927,2405,111,360,1,Semiurban,Y,312,247,B2,Excellent
LP002006,Female,No,0,Graduate,No,2507,0,,360,1,Rural,1,313,963,A1,
LP002008,Male,Yes,2,Graduate,Yes,5746,0,144,84,,Rural,Y,314,810,B2,
LP002024,,Yes,0,Graduate,No,2473,1843,159,360,1,Rural,N,315,919,D4,
LP002031,Male,Yes,1,Not Graduate,No,3399,1640,111,180,1,Urban,Y,316,588,C3,
LP002035,Male,Yes,2,Graduate,No,3717,0,,360,1,Semiurban,Y,317,739,A1,Excellent
LP002036,Male,Yes,0,Graduate,No,2058,2134,88,360,,Urban,Y,318,650,C3,
LP002043,Female,No,1,Graduate,No,3541,0,112,360,,Semiurban,Y,319,437,A1,
LP002050,Male,Yes,1,Graduate,Yes,10000,0,155,360,1,Rural,N,320,971,B2,Average
LP002051,Male,Yes,,Graduate,No,2400,2167,115,360,1,Semiurban,Y,321,740,C3,
LP002053,Male,Yes,3+,Graduate,No,4342,189,124,360,1,Semiurban,Y,322,878,A1,Poor
LP002054,Male,Yes,2,Not Graduate,No,3601,1590,,360,1,Rural,Y,323,572,B2,
LP002055,Female,No,0,Graduate,No,3166,2985,132,360,,Rural,Y,324,250,C3,
LP002065,Male,Yes,3+,Graduate,No,15000,0,300,360,1,Rural,Y,325,514,C3,
LP002067,Male,Yes,1,Graduate,Yes,8666,4983,376,360,0,Rural,N,326,397,A1,
LP002068,Male,No,0,Graduate,No,4917,0,130,360,0,Rural,Y,327,710,A1,
LP002082,Male,Yes,0,Graduate,Yes,5818,2160,184,360,1,Semiurban,Y,328,362,A1,
LP002086,Female,Yes,0,Graduate,No,4333,2451,110,360,1,Urban,N,329,863,B2,Poor
LP002087,Female,No,0,Graduate,No,2500,0,67,360,1,Urban,Y,330,243,A1,
LP002097,Male,No,1,Graduate,No,4384,1793,117,360,1,Urban,Y,331,445,C3,
LP002098,Male,No,0,Graduate,No,2935,0,98,360,1,Semiurban,Y,332,723,C3,
LP002100,Male,No,,Graduate,No,2833,0,71,360,1,Urban,1,333,671,A1,
LP002101,Male,Yes,0,Graduate,,63337,0,,180,,Urban,Y,334,980,A1,Poor
LP002103,,Yes,,Graduate,Yes,9833,1833,182,180,1,Urban,Y,335,101,D4,Good
LP002106,Male,Yes,,Graduate,Yes,5503,4490,70,,1,Semiurban,Y,336,996,C3,
LP002110,Male,Yes,1,Graduate,,5250,688,160,360,1,Rural,Y,337,403,B2,
LP002112,Male,Yes,2,Graduate,Yes,2500,4600,176,360,1,Rural,Y,338,353,D4,
LP002113,Female,No,3+,Not Graduate,No,1830,0,,360,0,Urban,N,339,751,A1,
LP002114,Female,No,0,Graduate,No,4160,0,71,360,1,Semiurban,Y,340,552,A1,
LP002115,Male,Yes,3+,Not Graduate,No,2647,1587,173,360,,Rural,N,341,136,C3,Poor
LP002116,Female,No,0,Graduate,No,2378,0,46,360,1,Rural,N,342,259,A1,Poor
LP002119,Male,Yes,1,Not Graduate,No,4554,1229,158,360,1,Urban,Y,343,108,B2,
LP002126,Male,Yes,3+,Not Graduate,No,3173,0,74,360,1,Semiurban,Y,344,332,C3,
LP002128,Male,Yes,2,Graduate,,2583,2330,125,360,1,Rural,Y,345,198,A1,Average
LP002129,Male,Yes,0,Graduate,No,2499,2458,160,360,1,Semiurban,Y,346,758,C3,
LP002130,Male,Yes,,Not Graduate,No,3523,3230,152,360,0,Rural,N,347,915,A1,
LP002131,Male,Yes,2,Not Graduate,No,3083,2168,126,360,,Urban,Y,348,307,A1,
LP002137,Male,Yes,0,Graduate,No,6333,4583,259,360,,Semiurban,Y,349,230,A1,
LP002138,Male,Yes,0,Graduate,No,2625,6250,187,360,1,Rural,Y,350,503,B2,Average
LP002139,Male,Yes,0,Graduate,No,9083,0,228,360,1,Semiurban,Y,351,251,B2,
LP002140,Male,No,0,Graduate,No,8750,4167,308,360,1,Rural,N,352,153,C3,
LP002141,Male,Yes,3+,Graduate,No,2666,2083,95,360,1,Rural,Y,353,219,A1,
LP002142,Female,Yes,0,Graduate,Yes,5500,0,105,360,0,Rural,N,354,772,A1,Average
LP002143,Female,Yes,0,Graduate,No,2423,505,130,360,1,Semiurban,Y,355,727,B2,Good
LP002144,Female,No,,Graduate,No,3813,0,116,180,1,Urban,Y,356,686,A1,
LP002149,Male,Yes,2,Graduate,No,8333,3167,165,360,1,Rural,1,357,724,B2,
LP002151,Male,Yes,1,Graduate,No,3875,0,67,360,1,Urban,N,358,519,A1,
LP002158,Male,Yes,0,Not Graduate,No,3000,1666,100,480,0,Urban,N,359,521,C3,
LP002160,Male,Yes,3+,Graduate,No,5167,3167,200,360,1,Semiurban,Y,360,203,A1,
LP002161,Female,No,1,Graduate,No,4723,0,81,360,1,Semiurban,N,361,951,A1,Poor
LP002170,Male,Yes,2,Graduate,No,5000,3667,236,360,1,Semiurban,Y,362,353,D4,
LP002175,Male,Yes,0,Graduate,No,4750,2333,130,360,1,Urban,Y,363,326,B2,
LP002178,Male,Yes,0,Graduate,No,3013,3033,95,300,,Urban,Y,364,211,A1,
LP002180,Male,No,0,Graduate,Yes,6822,0,141,360,1,Rural,Y,365,609,A1,
LP002181,Male,No,0,Not Graduate,No,6216,0,133,360,1,Rural,N,366,572,D4,
LP002187,Male,No,0,Graduate,No,2500,0,96,480,1,Semiurban,N,367,198,D4,
LP002188,Male,No,0,Graduate,No,5124,0,124,,0,Rural,N,368,252,B2,Average
LP002190,Male,Yes,1,Graduate,No,6325,0,175,360,1,Semiurban,Y,369,960,D4,
LP002191,Male,Yes,0,Graduate,No,19730,5266,570,360,1,Rural,N,370,995,C3,
LP002194,Female,No,0,Graduate,Yes,15759,0,55,360,1,Semiurban,Y,371,977,D4,
LP002197,Male,Yes,2,Graduate,No,5185,0,155,360,1,Semiurban,1,372,437,C3,
LP002201,Male,Yes,2,Graduate,Yes,9323,7873,380,300,1,Rural,Y,373,805,B2,
LP002205,Male,No,,Graduate,No,3062,1987,111,180,0,Urban,N,374,921,B2,
LP002209,Female,No,0,Graduate,,2764,1459,110,360,1,Urban,Y,375,262,B2,
LP002211,Male,Yes,0,Graduate,No,4817,923,120,180,1,Urban,Y,376,819,B2,
LP002219,Male,Yes,,Graduate,No,8750,4996,130,360,1,Rural,Y,377,780,B2,
LP002223,Male,Yes,0,Graduate,No,4310,0,130,360,,Semiurban,1,378,260,C3,
LP002224,Male,No,0,Graduate,No,3069,0,71,480,1,Urban,N,379,679,C3,
LP002225,Male,Yes,2,Graduate,No,5391,0,130,360,1,Urban,Y,380,900,B2,
LP002226,Male,Yes,0,Graduate,,3333,2500,128,360,1,Semiurban,Y,381,497,D4,
LP002229,Male,No,0,Graduate,No,5941,4232,296,360,1,Semiurban,Y,382,376,A1,
LP002231,Female,No,0,Graduate,No,6000,0,156,360,1,Urban,Y,383,915,B2,
LP002234,Male,No,0,Graduate,Yes,7167,0,128,360,1,Urban,Y,384,603,D4,
LP002236,Male,Yes,2,Graduate,No,4566,0,100,360,1,Urban,N,385,995,A1,
LP002237,Male,No,1,Graduate,,3667,0,113,180,1,Urban,Y,386,491,B2,
LP002239,Male,No,0,Not Graduate,No,2346,1600,132,360,1,Semiurban,Y,387,234,B2,
LP002243,Male,Yes,0,Not Graduate,No,3010,3136,,360,0,Urban,N,388,294,C3,
LP002244,Male,Yes,0,Graduate,No,2333,2417,136,360,1,Urban,Y,389,500,A1,
LP002250,Male,Yes,0,Graduate,No,5488,0,125,360,1,Rural,Y,390,739,A1,
LP002255,Male,No,3+,Graduate,No,9167,0,185,360,1,Rural,Y,391,132,D4,
LP002262,Male,Yes,3+,Graduate,No,9504,0,275,360,1,Rural,Y,392,787,C3,
LP002263,Male,Yes,0,Graduate,No,2583,2115,120,360,,Urban,Y,393,559,C3,
LP002265,Male,Yes,2,Not Graduate,No,1993,1625,,180,1,Semiurban,Y,394,982,C3,
LP002266,Male,Yes,2,Graduate,No,3100,1400,113,360,1,Urban,Y,395,569,C3,
LP002272,Male,Yes,2,Graduate,No,3276,484,135,360,,Semiurban,Y,396,474,A1,
LP002277,Female,No,0,Graduate,No,3180,0,71,360,0,Urban,N,397,121,A1,
LP002281,Male,Yes,0,Graduate,No,3033,1459,95,360,1,Urban,Y,398,849,B2,
LP002284,Male,No,0,Not Graduate,No,3902,1666,109,360,1,Rural,Y,399,769,B2,Average
LP002287,Female,No,0,Graduate,No,1500,1800,103,360,0,Semiurban,N,400,137,C3,
LP002288,Male,Yes,2,Not Graduate,No,2889,0,45,180,0,Urban,N,401,329,C3,
LP002296,Male,No,0,Not Graduate,No,2755,0,65,300,1,Rural,N,402,464,C3,
LP002297,Male,No,0,Graduate,No,2500,20000,103,360,1,Semiurban,Y,403,662,B2,
LP002300,Female,No,0,Not Graduate,No,1963,0,53,360,1,Semiurban,Y,404,537,D4,
LP002301,Female,No,0,Graduate,Yes,7441,0,194,360,1,Rural,N,405,875,D4,
LP002305,Female,No,0,Graduate,No,4547,0,115,360,1,Semiurban,Y,406,382,B2,Excellent
LP002308,Male,Yes,0,Not Graduate,No,2167,2400,115,360,1,Urban,Y,407,126,B2,
LP002314,Female,No,0,Not Graduate,No,2213,0,66,360,1,Rural,1,408,325,B2,
LP002315,Male,Yes,1,Graduate,No,8300,0,152,300,0,Semiurban,N,409,376,B2,Good
LP002317,Male,Yes,3+,Graduate,No,81000,0,360,360,0,Rural,N,410,897,B2,
LP002318,Female,No,1,Not Graduate,Yes,3867,0,62,360,,Semiurban,N,411,708,B2,
LP002319,Male,Yes,0,Graduate,,6256,0,160,360,,Urban,Y,412,383,C3,
LP002328,Male,Yes,0,Not Graduate,No,6096,0,218,360,0,Rural,N,413,978,C3,
LP002332,Male,Yes,0,Not Graduate,No,2253,2033,110,360,1,Rural,Y,414,580,C3,
LP002335,Female,Yes,0,Not Graduate,No,2149,3237,178,360,0,Semiurban,N,415,552,C3,
LP002337,Female,No,0,Graduate,No,2995,0,60,360,,Urban,Y,416,928,B2,
LP002341,Female,No,1,Graduate,No,2600,0,160,360,1,Urban,N,417,915,D4,
LP002342,Male,Yes,2,Graduate,Yes,1600,20000,239,360,1,Urban,N,418,758,A1,
LP002345,Male,Yes,0,Graduate,No,1025,2773,112,360,1,Rural,Y,419,615,B2,
LP002347,Male,Yes,0,Graduate,No,3246,1417,138,360,1,Semiurban,Y,420,646,A1,
LP002348,Male,Yes,0,Graduate,No,5829,0,138,360,1,Rural,Y,421,291,D4,Excellent
LP002357,Female,No,0,Not Graduate,No,2720,0,80,,0,Urban,N,422,148,C3,
LP002361,Male,Yes,0,Graduate,No,1820,1719,100,360,1,Urban,Y,423,611,D4,
LP002362,Male,Yes,1,Graduate,No,7250,1667,110,,0,Urban,N,424,116,B2,
LP002364,Male,Yes,0,Graduate,No,14880,0,96,360,1,Semiurban,Y,425,271,C3,
LP002366,Male,Yes,0,Graduate,No,2666,4300,121,360,1,Rural,Y,426,319,B2,
LP002367,Female,No,1,Not Graduate,No,4606,0,81,360,1,Rural,N,427,257,C3,
LP002368,Male,Yes,2,Graduate,No,5935,0,133,360,,Semiurban,Y,428,576,A1,
LP002369,Male,Yes,,Graduate,No,2920,16.12000084,87,360,1,Rural,Y,429,145,A1,Good
LP002370,Male,No,0,Not Graduate,No,2717,0,60,180,,Urban,Y,430,472,A1,
LP002377,Female,No,1,Graduate,Yes,8624,0,150,360,1,Semiurban,Y,431,617,D4,
LP002379,Male,No,0,Graduate,No,6500,0,105,360,0,Rural,N,432,198,B2,
LP002386,Male,No,0,Graduate,,12876,0,405,360,1,Semiurban,Y,433,991,D4,Excellent
LP002387,Male,Yes,0,Graduate,No,2425,2340,143,360,1,Semiurban,Y,434,844,A1,
LP002390,Male,No,0,Graduate,No,3750,0,100,360,1,Urban,Y,435,136,B2,
LP002393,Female,,,Graduate,No,10047,0,,240,1,Semiurban,Y,436,379,A1,
LP002398,Male,No,0,Graduate,No,1926,1851,50,360,1,Semiurban,Y,437,448,D4,
LP002401,Male,Yes,0,Graduate,No,2213,1125,,360,1,Urban,Y,438,596,D4,
LP002403,Male,No,0,Graduate,Yes,10416,0,187,360,0,Urban,N,439,401,D4,
LP002407,Female,Yes,0,Not Graduate,Yes,7142,0,138,360,1,Rural,Y,440,280,A1,
LP002408,Male,No,0,Graduate,No,3660,5064,187,360,1,Semiurban,Y,441,706,B2,
LP002409,Male,Yes,0,Graduate,No,7901,1833,180,360,1,Rural,Y,442,198,B2,
LP002418,Male,No,3+,Not Graduate,No,4707,1993,148,360,1,Semiurban,Y,443,799,A1,
LP002422,Male,No,1,Graduate,No,37719,0,152,360,1,Semiurban,Y,444,215,B2,
LP002424,Male,Yes,0,Graduate,No,7333,8333,175,300,,Rural,Y,445,290,A1,
LP002429,Male,Yes,,Graduate,Yes,3466,1210,130,360,1,Rural,Y,446,352,B2,
LP002434,Male,Yes,2,Not Graduate,No,4652,0,110,360,1,Rural,Y,447,260,C3,
LP002435,Male,Yes,0,Graduate,,3539,1376,55,360,1,Rural,N,448,355,C3,Good
LP002443,Male,Yes,2,Graduate,No,3340,1710,150,360,0,Rural,N,449,422,D4,
LP002444,Male,No,1,Not Graduate,Yes,2769,1542,190,360,,Semiurban,N,450,227,C3,
LP002446,Male,Yes,2,Not Graduate,No,2309,1255,125,360,0,Rural,N,451,117,C3,Excellent
LP002447,Male,Yes,2,Not Graduate,No,1958,1456,60,300,,Urban,Y,452,892,C3,
LP002448,Male,Yes,0,Graduate,No,3948,1733,149,360,0,Rural,N,453,834,A1,
LP002449,Male,Yes,0,Graduate,No,2483,2466,90,180,0,Rural,Y,454,665,C3,
LP002453,Male,No,0,Graduate,Yes,7085,0,84,360,1,Semiurban,Y,455,669,C3,
LP002455,Male,Yes,2,Graduate,No,3859,0,96,360,1,Semiurban,Y,456,422,D4,
LP002459,Male,Yes,0,Graduate,No,4301,0,118,360,1,Urban,1,457,971,C3,
LP002467,Male,Yes,0,Graduate,No,3708,2569,173,360,1,Urban,N,458,785,C3,
LP002472,Male,No,2,Graduate,No,4354,0,,360,1,Rural,Y,459,891,B2,
LP002473,Male,Yes,0,Graduate,No,8334,0,160,360,1,Semiurban,N,460,725,D4,
LP002478,,Yes,0,Graduate,Yes,2083,4083,160,360,,Semiurban,Y,461,387,D4,
LP002484,Male,Yes,3+,Graduate,No,7740,0,128,180,1,Urban,Y,462,953,D4,
LP002487,Male,Yes,0,Graduate,No,3015,2188,153,360,1,Rural,Y,463,762,D4,
LP002489,Female,No,1,Not Graduate,,5191,0,132,360,1,Semiurban,Y,464,738,D4,Good
LP002493,Male,No,0,Graduate,No,4166,0,98,360,0,Semiurban,N,465,254,D4,
LP002494,Male,No,,Graduate,No,6000,0,140,360,1,Rural,Y,466,589,A1,
LP002500,Male,Yes,3+,Not Graduate,No,2947,1664,70,180,0,Urban,N,467,485,C3,
LP002501,,Yes,0,Graduate,No,16692,0,110,360,1,Semiurban,Y,468,884,D4,
LP002502,Female,Yes,2,Not Graduate,,210,2917,98,360,1,Semiurban,Y,469,203,C3,
LP002505,Male,Yes,0,Graduate,No,4333,2451,110,360,1,Urban,N,470,492,C3,
LP002515,Male,Yes,1,Graduate,Yes,3450,2079,162,360,1,Semiurban,1,471,910,A1,
LP002517,Male,Yes,1,Not Graduate,No,2653,1500,113,180,0,Rural,N,472,345,D4,
LP002519,Male,Yes,3+,Graduate,No,4691,0,100,360,1,Semiurban,Y,473,275,B2,
LP002522,Female,No,0,Graduate,Yes,2500,0,93,360,,Urban,Y,474,138,A1,
LP002524,Male,No,2,Graduate,No,5532,4648,162,360,1,Rural,Y,475,576,B2,
LP002527,Male,Yes,2,Graduate,Yes,16525,1014,150,360,1,Rural,Y,476,781,C3,
LP002529,Male,Yes,2,Graduate,No,6700,1750,230,300,1,Semiurban,Y,477,858,C3,
LP002530,,Yes,2,Graduate,No,2873,1872,132,360,0,Semiurban,N,478,637,A1,
LP002531,Male,Yes,1,Graduate,Yes,16667,2250,86,360,1,Semiurban,Y,479,966,A1,
LP002533,Male,Yes,2,Graduate,No,2947,1603,,360,1,Urban,N,480,917,B2,
LP002534,Female,No,0,Not Graduate,No,4350,0,154,360,1,Rural,Y,481,507,D4,
LP002536,Male,Yes,3+,Not Graduate,No,3095,0,113,360,1,Rural,Y,482,624,B2,Average
LP002537,Male,Yes,0,Graduate,No,2083,3150,128,360,1,Semiurban,Y,483,927,A1,Excellent
LP002541,Male,Yes,0,Graduate,No,10833,0,234,360,1,Semiurban,Y,484,605,B2,
LP002543,Male,Yes,2,Graduate,No,8333,0,246,360,1,Semiurban,Y,485,924,A1,
LP002544,Male,Yes,1,Not Graduate,No,1958,2436,131,360,1,Rural,Y,486,135,B2,
LP002545,Male,No,2,Graduate,No,3547,0,80,360,0,Rural,N,487,784,A1,
LP002547,Male,Yes,1,Graduate,No,18333,0,500,360,1,Urban,N,488,119,A1,
LP002555,Male,Yes,2,Graduate,Yes,4583,2083,160,360,1,Semiurban,Y,489,420,A1,
LP002556,Male,No,0,Graduate,No,2435,0,75,360,1,Urban,N,490,875,D4,
LP002560,Male,No,0,Not Graduate,No,2699,2785,96,360,,Semiurban,Y,491,611,B2,
LP002562,Male,Yes,1,Not Graduate,No,5333,1131,186,360,,Urban,Y,492,499,B2,
LP002571,Male,No,0,Not Graduate,No,3691,0,110,360,1,Rural,Y,493,753,B2,
LP002582,Female,No,0,Not Graduate,Yes,17263,0,225,360,1,Semiurban,Y,494,982,A1,
LP002585,Male,Yes,0,Graduate,No,3597,2157,119,360,0,Rural,N,495,570,B2,
LP002586,Female,Yes,1,Graduate,No,3326,913,105,84,1,Semiurban,Y,496,242,B2,
LP002587,Male,Yes,0,Not Graduate,No,2600,1700,107,360,1,Rural,Y,497,191,A1,Poor
LP002588,Male,Yes,0,Graduate,No,4625,2857,111,12,,Urban,Y,498,453,C3,
LP002600,Male,Yes,1,Graduate,Yes,2895,0,95,360,1,Semiurban,Y,499,933,A1,
LP002602,Male,No,0,Graduate,No,6283,4416,209,360,0,Rural,N,500,899,B2,
LP002603,Female,No,0,Graduate,No,645,3683,113,480,1,Rural,Y,501,826,A1,
LP002606,Female,No,0,Graduate,No,3159,0,100,360,1,Semiurban,Y,502,953,C3,Average
LP002615,Male,Yes,2,Graduate,No,4865,5624,208,360,1,Semiurban,Y,503,150,A1,
LP002618,Male,Yes,1,Not Graduate,No,4050,5302,138,360,,Rural,N,504,764,B2,Excellent
LP002619,Male,Yes,0,Not Graduate,No,3814,1483,124,300,1,Semiurban,Y,505,797,C3,
LP002622,Male,Yes,2,Graduate,No,3510,4416,243,360,1,Rural,Y,506,674,D4,
LP002624,Male,Yes,0,Graduate,No,20833,6667,480,360,,Urban,Y,507,289,B2,
LP002625,,No,0,Graduate,No,3583,0,96,360,1,Urban,N,508,224,C3,
LP002626,Male,Yes,0,Graduate,Yes,2479,3013,188,360,1,Urban,Y,509,249,C3,
LP002634,Female,No,1,Graduate,No,13262,0,40,360,1,Urban,Y,510,413,D4,
LP002637,Male,No,0,Not Graduate,No,3598,1287,100,360,1,Rural,N,511,669,A1,
LP002640,Male,Yes,1,Graduate,No,6065,2004,250,360,1,Semiurban,Y,512,441,A1,
LP002643,Male,Yes,2,Graduate,No,3283,2035,148,360,1,Urban,Y,513,404,B2,
LP002648,Male,Yes,0,Graduate,No,2130,6666,70,180,1,Semiurban,N,514,791,D4,
LP002652,Male,No,0,Graduate,No,5815,3666,311,360,1,Rural,N,515,781,A1,
LP002659,Male,Yes,3+,Graduate,No,3466,3428,150,360,1,Rural,1,516,937,D4,Average
LP002670,Female,Yes,2,Graduate,No,2031,1632,113,480,1,Semiurban,Y,517,882,A1,
LP002682,Male,Yes,,Not Graduate,No,3074,1800,123,360,0,Semiurban,N,518,153,C3,
LP002683,Male,No,0,Graduate,No,4683,1915,185,360,1,Semiurban,N,519,543,A1,
LP002684,Female,No,0,Not Graduate,No,3400,0,95,360,1,Rural,N,520,712,D4,
LP002689,Male,Yes,2,Not Graduate,No,2192,1742,45,360,1,Semiurban,Y,521,363,C3,
LP002690,Male,No,0,Graduate,No,2500,0,55,360,1,Semiurban,Y,522,152,C3,
LP002692,Male,Yes,3+,Graduate,Yes,5677,1424,100,360,1,Rural,Y,523,671,C3,
LP002693,Male,Yes,2,Graduate,Yes,7948,7166,480,360,1,Rural,Y,524,719,D4,
LP002697,Male,No,0,Graduate,No,4680,2087,,360,1,Semiurban,N,525,104,B2,
LP002699,Male,Yes,2,Graduate,Yes,17500,0,400,360,1,Rural,Y,526,202,B2,
LP002705,Male,Yes,0,Graduate,No,3775,0,110,360,1,Semiurban,Y,527,295,B2,
LP002706,Male,Yes,1,Not Graduate,No,5285,1430,161,360,0,Semiurban,Y,528,873,D4,
LP002714,Male,No,1,Not Graduate,No,2679,1302,94,360,1,Semiurban,Y,529,976,C3,
LP002716,Male,No,0,Not Graduate,No,6783,0,130,360,1,Semiurban,Y,530,983,B2,
LP002717,Male,Yes,0,Graduate,No,1025,5500,216,360,,Rural,Y,531,449,D4,
LP002720,Male,Yes,3+,Graduate,No,4281,0,100,360,1,Urban,Y,532,146,B2,
LP002723,Male,No,2,Graduate,No,3588,0,110,360,0,Rural,N,533,966,A1,
LP002729,Male,No,1,Graduate,No,11250,0,196,360,,Semiurban,N,534,922,B2,Poor
LP002731,Female,No,0,Not Graduate,Yes,18165,0,125,360,1,Urban,Y,535,919,B2,
LP002732,Male,No,0,Not Graduate,,2550,2042,126,360,1,Rural,Y,536,755,C3,
LP002734,Male,Yes,0,Graduate,No,6133,3906,324,360,1,Urban,Y,537,368,D4,Average
LP002738,Male,No,2,Graduate,No,3617,0,107,360,1,Semiurban,Y,538,469,C3,
LP002739,Male,Yes,0,Not Graduate,No,2917,536,66,360,1,Rural,N,539,735,C3,
LP002740,Male,Yes,3+,Graduate,No,6417,0,157,180,1,Rural,Y,540,205,C3,
LP002741,Female,Yes,1,Graduate,No,4608,2845,140,180,1,Semiurban,Y,541,769,C3,Poor
LP002743,Female,No,0,Graduate,No,2138,0,99,360,0,Semiurban,N,542,758,C3,Excellent
LP002753,Female,No,,Graduate,,3652,0,95,360,1,Semiurban,Y,543,756,B2,
LP002755,Male,Yes,1,Not Graduate,No,2239,2524,128,360,1,Urban,Y,544,219,C3,
LP002757,Female,Yes,0,Not Graduate,No,3017,663,102,360,,Semiurban,Y,545,930,C3,
LP002767,Male,Yes,0,Graduate,No,2768,1950,155,360,1,Rural,Y,546,886,D4,Excellent
LP002768,Male,No,0,Not Graduate,No,3358,0,80,36,1,Semiurban,N,547,703,A1,
LP002772,Male,No,0,Graduate,No,2526,1783,,360,1,Rural,Y,548,157,B2,
LP002776,Female,No,0,Graduate,No,5000,0,103,360,0,Semiurban,N,549,445,B2,
LP002777,Male,Yes,0,Graduate,No,2785,2016,110,360,1,Rural,Y,550,840,B2,Average
LP002778,Male,Yes,2,Graduate,Yes,6633,0,,360,0,Rural,N,551,573,C3,
LP002784,Male,Yes,1,Not Graduate,No,2492,2375,,360,1,Rural,Y,552,216,C3,
LP002785,Male,Yes,1,Graduate,No,3333,3250,158,360,1,Urban,Y,553,929,C3,Poor
LP002788,Male,Yes,0,Not Graduate,No,2454,2333,181,360,0,Urban,N,554,890,D4,
LP002789,Male,Yes,0,Graduate,No,3593,4266,132,180,0,Rural,N,555,226,A1,Excellent
LP002792,Male,Yes,,Graduate,No,5468,1032,26,360,1,Semiurban,Y,556,492,C3,
LP002794,Female,No,0,Graduate,No,2667,1625,84,360,,Urban,Y,557,740,A1,
LP002795,Male,Yes,3+,Graduate,Yes,10139,0,260,360,1,Semiurban,1,558,157,D4,
LP002798,Male,Yes,0,Graduate,No,3887,2669,162,360,1,Semiurban,Y,559,733,B2,
LP002804,Female,Yes,0,Graduate,No,4180,2306,182,360,1,Semiurban,Y,560,612,C3,
LP002807,Male,Yes,2,Not Graduate,No,3675,242,108,360,1,Semiurban,Y,561,850,A1,
LP002813,Female,Yes,1,Graduate,Yes,19484,0,600,360,1,Semiurban,Y,562,901,A1,
LP002820,Male,Yes,0,Graduate,No,5923,2054,211,360,1,Rural,Y,563,195,C3,
LP002821,Male,No,0,Not Graduate,Yes,5800,0,132,360,1,Semiurban,1,564,737,B2,Excellent
LP002832,Male,Yes,2,Graduate,No,8799,0,258,360,0,Urban,N,565,217,B2,
LP002833,Male,Yes,0,Not Graduate,No,4467,0,120,360,,Rural,Y,566,659,B2,
LP002836,Male,No,0,Graduate,No,3333,0,70,360,1,Urban,Y,567,700,D4,
LP002837,Male,Yes,3+,Graduate,No,3400,2500,123,360,0,Rural,N,568,587,A1,
LP002840,Female,No,0,Graduate,No,2378,0,9,360,1,Urban,N,569,336,A1,
LP002841,Male,Yes,0,Graduate,No,3166,2064,104,360,,Urban,N,570,984,A1,
LP002842,Male,Yes,1,Graduate,No,3417,1750,186,360,1,Urban,Y,571,996,D4,Good
LP002847,Male,Yes,,Graduate,No,5116,1451,,360,0,Urban,N,572,371,A1,
LP002855,Male,Yes,2,Graduate,No,16666,0,275,360,1,Urban,Y,573,288,D4,
LP002862,Male,Yes,2,Not Graduate,No,6125,1625,187,480,1,Semiurban,N,574,803,B2,
LP002863,Male,Yes,3+,Graduate,No,6406,0,150,360,1,Semiurban,N,575,546,C3,
LP002868,Male,Yes,2,Graduate,No,3159,461,108,84,1,Urban,Y,576,680,A1,Excellent
LP002872,,Yes,0,Graduate,No,3087,2210,136,360,0,Semiurban,N,577,889,A1,
LP002874,Male,No,0,Graduate,No,3229,2739,110,360,1,Urban,Y,578,960,B2,
LP002877,Male,Yes,1,Graduate,No,1782,2232,,360,1,Rural,Y,579,346,C3,
LP002888,Male,No,0,Graduate,,3182,2917,161,360,1,Urban,Y,580,175,D4,
LP002892,Male,Yes,2,Graduate,No,6540,0,205,360,1,Semiurban,Y,581,253,C3,Poor
LP002893,Male,No,0,Graduate,No,1836,33837,90,360,1,Urban,N,582,755,B2,
LP002894,Female,Yes,0,Graduate,No,3166,0,36,360,1,Semiurban,Y,583,534,B2,
LP002898,Male,Yes,1,Graduate,No,1880,0,61,360,,Rural,N,584,185,C3,Average
LP002911,Male,Yes,1,Graduate,No,2787,1917,146,360,0,Rural,N,585,796,D4,
LP002912,Male,Yes,1,Graduate,No,4283,3000,172,84,1,Rural,N,586,384,D4,
LP002916,Male,Yes,0,Graduate,No,2297,1522,104,360,1,Urban,Y,587,319,A1,Poor
LP002917,Female,No,0,Not Graduate,No,2165,0,70,360,1,Semiurban,Y,588,168,D4,
LP002925,,No,0,Graduate,No,4750,0,94,360,1,Semiurban,Y,589,146,C3,
LP002926,Male,Yes,2,Graduate,Yes,2726,0,106,360,0,Semiurban,N,590,193,B2,
LP002928,Male,Yes,0,Graduate,No,3000,3416,56,180,1,Semiurban,Y,591,849,A1,Average
LP002931,Male,Yes,2,Graduate,Yes,6000,0,205,240,1,Semiurban,N,592,552,A1,Good
LP002933,,No,3+,Graduate,Yes,9357,0,292,360,1,Semiurban,Y,593,303,B2,
LP002936,Male,Yes,0,Graduate,No,3859,3300,142,180,1,Rural,Y,594,317,D4,
LP002938,Male,Yes,0,Graduate,Yes,16120,0,,360,1,Urban,Y,595,573,B2,
LP002940,Male,No,0,Not Graduate,No,3833,0,110,360,1,Rural,Y,596,531,D4,
LP002941,Male,Yes,2,Not Graduate,Yes,6383,1000,187,360,1,Rural,N,597,440,B2,
LP002943,Male,No,,Graduate,No,2987,0,88,360,0,Semiurban,N,598,650,C3,Excellent
LP002945,Male,Yes,0,Graduate,Yes,9963,0,180,360,1,Rural,Y,599,711,D4,
LP002948,Male,Yes,2,Graduate,No,5780,0,192,360,,Urban,Y,600,388,C3,
LP002949,Female,No,3+,Graduate,,416,41667,350,180,,Urban,N,601,353,A1,Good
LP002950,Male,Yes,0,Not Graduate,,2894,2792,155,360,1,Rural,Y,602,833,B2,Poor
LP002953,Male,Yes,3+,Graduate,No,5703,0,128,360,1,Urban,Y,603,456,A1,Poor
LP002958,Male,No,0,Graduate,No,3676,4301,172,360,1,Rural,Y,604,122,A1,
LP002959,Female,Yes,1,Graduate,No,12000,0,496,360,1,Semiurban,Y,605,861,A1,
LP002960,Male,Yes,0,Not Graduate,No,2400,3800,,180,1,Urban,N,606,621,A1,
LP002961,Male,Yes,1,Graduate,No,3400,2500,173,360,1,Semiurban,Y,607,857,B2,
LP002964,Male,Yes,2,Not Graduate,No,3987,1411,157,360,1,Rural,Y,608,936,A1,
LP002974,Male,Yes,0,Graduate,No,3232,1950,108,360,1,Rural,Y,609,199,B2,
LP002978,Female,No,0,Graduate,No,2900,0,71,360,1,Rural,Y,610,901,B2,
LP002979,Male,Yes,3+,Graduate,No,4106,0,40,180,1,Rural,1,611,279,C3,
LP002983,Male,Yes,1,Graduate,No,8072,240,253,360,1,Urban,Y,612,322,D4,
LP002984,Male,Yes,2,Graduate,No,7583,0,187,360,1,Urban,Y,613,861,D4,
LP002990,Female,No,0,Graduate,Yes,4583,0,133,360,0,Semiurban,N,614,758,B2,Excellent
LP002139,Male,Yes,0,Graduate,No,9083,0,228,360,1,Semiurban,Y,615,541,C3,
LP002223,Male,Yes,0,Graduate,No,4310,0,130,360,,Semiurban,Y,616,707,B2,
LP001570,Male,Yes,2,Graduate,No,4167,1447,158,360,1,Rural,Y,617,868,B2,
LP002978,Female,No,0,Graduate,No,2900,0,71,360,1,Rural,Y,618,424,B2,
LP001478,Male,No,0,Graduate,No,2718,0,70,360,1,Semiurban,Y,619,615,C3,
LP002877,Male,Yes,1,Graduate,No,1782,2232,107,360,1,Rural,Y,620,115,D4,Good
LP002035,Male,Yes,2,Graduate,No,3717,0,120,360,1,Semiurban,Y,621,891,C3,
LP001005,Male,Yes,0,Graduate,Yes,3000,0,66,360,1,Urban,Y,622,435,A1,
LP002115,Male,Yes,3+,Not Graduate,No,2647,1587,173,360,1,Rural,N,623,858,C3,
LP001259,Male,Yes,1,Graduate,Yes,1000,3022,110,360,1,Urban,N,624,357,C3,
LP001732,Male,Yes,2,Graduate,,5000,0,72,360,0,Semiurban,N,625,596,C3,
LP002487,Male,Yes,0,Graduate,No,3015,2188,153,360,1,Rural,Y,626,995,C3,
LP001384,Male,Yes,3+,Not Graduate,No,2071,754,94,480,1,Semiurban,Y,627,259,D4,
LP002054,Male,Yes,2,Not Graduate,No,3601,1590,,360,1,Rural,Y,628,574,A1,Excellent
LP001491,Male,Yes,2,Graduate,Yes,3316,3500,88,360,1,Urban,1,629,951,D4,Excellent
LP002178,Male,Yes,0,Graduate,No,3013,3033,95,300,,Urban,Y,630,763,D4,
LP001699,Male,No,0,Graduate,No,2479,0,59,360,1,Urban,Y,631,789,C3,
LP001349,Male,No,0,Graduate,No,4843,3806,151,360,1,Semiurban,Y,632,774,B2,
